{
	"info": {
		"_postman_id": "e2418707-b6b1-4ce5-b328-01c22b5cf4a5",
		"name": "Maktab75 JSON SERVER",
		"schema": "https://schema.getpostman.com/json/collection/v2.1.0/collection.json",
		"_exporter_id": "21778941"
	},
	"item": [
		{
			"name": "Test Upload",
			"item": [
				{
					"name": "Upload Only",
					"request": {
						"method": "POST",
						"header": [
							{
								"key": "token",
								"value": "{{TOKEN}}",
								"type": "text"
							}
						],
						"body": {
							"mode": "formdata",
							"formdata": [
								{
									"key": "image",
									"type": "file",
									"src": "/C:/Users/RSKALA/Desktop/download.jpg"
								}
							]
						},
						"url": {
							"raw": "{{SERVER}}/upload",
							"host": [
								"{{SERVER}}"
							],
							"path": [
								"upload"
							]
						}
					},
					"response": []
				},
				{
					"name": "List of Files",
					"request": {
						"method": "GET",
						"header": [],
						"url": {
							"raw": "{{SERVER}}/files",
							"host": [
								"{{SERVER}}"
							],
							"path": [
								"files"
							]
						}
					},
					"response": []
				}
			]
		},
		{
			"name": "Products",
			"item": [
				{
					"name": "Create [JSON]",
					"request": {
						"method": "POST",
						"header": [
							{
								"key": "token",
								"value": "{{TOKEN}}",
								"type": "text"
							}
						],
						"body": {
							"mode": "raw",
							"raw": "{\r\n    \"name\": \"surface pro laptop\",\r\n    \"brand\": \"microsoft\",\r\n    \"image\": \"/files/65ddd8b1bbce4d8396b62611147fa1d6\",\r\n    \"price\": \"1500\"\r\n}",
							"options": {
								"raw": {
									"language": "json"
								}
							}
						},
						"url": {
							"raw": "{{SERVER}}/products",
							"host": [
								"{{SERVER}}"
							],
							"path": [
								"products"
							]
						}
					},
					"response": []
				},
				{
					"name": "Upload & Create [FormData]",
					"request": {
						"method": "POST",
						"header": [],
						"body": {
							"mode": "formdata",
							"formdata": [
								{
									"key": "name",
									"value": "surface pro laptop",
									"type": "text"
								},
								{
									"key": "brand",
									"value": "microsoft",
									"type": "text"
								},
								{
									"key": "image",
									"type": "file",
									"src": "/C:/Users/Babak/Desktop/Desktop/thumbnail.jpg"
								},
								{
									"key": "price",
									"value": "1500",
									"type": "text"
								}
							]
						},
						"url": {
							"raw": "{{SERVER}}/products",
							"host": [
								"{{SERVER}}"
							],
							"path": [
								"products"
							]
						}
					},
					"response": []
				},
				{
					"name": "List",
					"request": {
						"method": "GET",
						"header": [],
						"url": {
							"raw": "{{SERVER}}/products",
							"host": [
								"{{SERVER}}"
							],
							"path": [
								"products"
							]
						}
					},
					"response": []
				}
			]
		},
		{
			"name": "Authentication",
			"item": [
				{
					"name": "Login",
					"event": [
						{
							"listen": "test",
							"script": {
								"exec": [
									"pm.collectionVariables.set(\"TOKEN\", pm.response.json().token)"
								],
								"type": "text/javascript"
							}
						}
					],
					"request": {
						"method": "POST",
						"header": [],
						"body": {
							"mode": "raw",
							"raw": "{\r\n    \"username\": \"admin\",\r\n    \"password\": \"admin\"\r\n}",
							"options": {
								"raw": {
									"language": "json"
								}
							}
						},
						"url": {
							"raw": "{{SERVER}}/auth/login",
							"host": [
								"{{SERVER}}"
							],
							"path": [
								"auth",
								"login"
							]
						}
					},
					"response": []
				},
				{
					"name": "Refresh Token",
					"event": [
						{
							"listen": "test",
							"script": {
								"exec": [
									"pm.collectionVariables.set(\"TOKEN\", pm.response.json().token)"
								],
								"type": "text/javascript"
							}
						}
					],
					"request": {
						"method": "POST",
						"header": [
							{
								"key": "token",
								"value": "{{TOKEN}}",
								"type": "text"
							}
						],
						"url": {
							"raw": "{{SERVER}}/auth/refresh-token",
							"host": [
								"{{SERVER}}"
							],
							"path": [
								"auth",
								"refresh-token"
							]
						}
					},
					"response": []
				}
			]
		},
		{
			"name": "Download a File",
			"request": {
				"method": "GET",
				"header": [],
				"url": {
					"raw": "{{SERVER}}/files/:file_id",
					"host": [
						"{{SERVER}}"
					],
					"path": [
						"files",
						":file_id"
					],
					"variable": [
						{
							"key": "file_id",
							"value": ""
						}
					]
				}
			},
			"response": []
		},
		{
			"name": "Endpoint Protections",
			"request": {
				"method": "GET",
				"header": [
					{
						"key": "token",
						"value": "{{TOKEN}}",
						"type": "text"
					}
				],
				"url": {
					"raw": "{{SERVER}}/protection",
					"host": [
						"{{SERVER}}"
					],
					"path": [
						"protection"
					]
				}
			},
			"response": []
		}
	],
	"event": [
		{
			"listen": "prerequest",
			"script": {
				"type": "text/javascript",
				"exec": [
					""
				]
			}
		},
		{
			"listen": "test",
			"script": {
				"type": "text/javascript",
				"exec": [
					""
				]
			}
		}
	],
	"variable": [
		{
			"key": "SERVER",
			"value": "http://localhost:3001"
		},
		{
			"key": "TOKEN",
			"value": ""
		}
	]
}